seq_ID,genotype_ID
UMI-95_044315d8-e5cd-4d74-b184-a7ebe589342a_10_12884_4_1469_TCCCGTGACACCGCGGGGAATTGAAACGTGTTAAAA,23
UMI-97_118ac0fc-719a-48ab-ad25-22a4ef5fb4a3_10_7183_4_1465_TGTTACGTCGTGGTAAATACACGCCGTGAAGTGCAA,3
UMI-98_c563c482-3116-4a16-8383-59f1a9016543_10_4619_1_1798_GCGTAACGTAACATATCTGACATAGTTAGCGTTCAT,17
UMI-109_a4ad27f7-67c3-4a2e-8da9-f6b3e4ad5721_10_4238_1_1471_CGCTAATTTGTACTGTGGCTCTGATGTGTACTGCTG,28
UMI-112_21303a21-dc43-47ea-97c3-5bb9772dc212_10_6645_3_1473_CTTCGCGTCAACTCAGTGAAATAGCATACGGCAAGA,32
UMI-120_2ad53c7b-aaa3-49e6-b5ae-41ddf2cbdc34_10_6222_3_1474_CTGTGAGCTGTTGTGGCTCACAAAAACGCCATGCTC,2
UMI-155_b13c1c05-1926-48db-9474-4f0e950c000d_10_5817_2_1473_TTACAATGCGTGGCGGCCTAATATAGTATAACATAA,21
UMI-156_3e7420e8-4060-454c-a24a-5cb03b32b3d4_10_7543_2_1473_TCATACTATATGATGGAATTACAACTTAGAATGATT,1
UMI-174_96218d32-361f-5a01-be40-e328b867ecf0_10_4297_1_1473_GTCCGCATCGGATTACCGGTTCAAAACAGGGTGTAC,10
UMI-194_3fc5d7b8-5855-48c2-af0b-eaddd421fff8_10_4295_1_1472_CGGCATTTTATTACACGCAAACGTTACGACTCAAAT,8
UMI-210_77453afc-a2b8-4b7c-872d-d13e9a5334e0_10_5212_2_1470_GTATGCGGTATTACGATCTCTTATGTTGGCCCAAGA,11
UMI-229_9258f565-169f-4f17-b5f9-b0fc9d81e907_10_4328_1_1474_TGATATTATATTCTACAATTTCAAAATAACTTATAA,18
UMI-248_b5cff455-a42a-4e25-a3f5-64aa647f3971_10_7225_3_1470_TATCGCGTCGTGGCAGTTACTTATGCTAACGTAATA,25
UMI-253_afcea52f-84f3-44aa-a268-72516db4b237_10_4261_1_1476_GTATACGTCGGATTGACTGCGTATTATATAATAAAA,31
UMI-258_6048393b-ebdb-4e85-be60-a0b1fb3286a1_10_4294_1_1475_ACCCGCATTGATGTAGGATTCCAAATTGTTTTGATA,5
UMI-262_d74dc757-40a1-4932-a521-33a51eaacec5_10_4336_1_1474_GTTCGTTGTAATATGGTTTAATATAGTATAATGATA,20
UMI-29_ccec915a-ba65-44ad-a41d-715a1a9fe94a_10_7190_3_1474_GCCTACTTCGGTTCGCGGTATCGGATTATTACATTA,30
UMI-36_95e72544-dc57-4920-ab64-f88a3f0357e2_10_4322_1_1476_CGGTAGTTCGCGATGCTTCGTCACTACACTGTGGCT,16
UMI-43_c48d6a71-ebb4-4dfd-bb7c-c22f8a8f939a_10_5765_2_1473_CGATGAGCTGTCTTGCACTGGCAAGATATTATAAAA,15
UMI-273_e0a04986-b755-45e4-9df9-423ac6d4ca70_10_7127_3_1474_GTTCGGCACGTCGTACCCATATAATCTGCCCCAGTA,13
UMI-275_985e0329-0a64-410e-8af5-89f3dc8e5417_10_5983_1_1475_TGATACCGTGGATTAGCTGCACGTTACAACTAAACT,19
UMI-281_cae10cc4-b2bd-49e3-8f9d-047afb3488e0_10_5766_2_1474_CAGTAATCCGTTCCGTAAAAGTAATACGAAATACGG,12
UMI-316_3d0c9dac-e864-5dab-8677-927a31808287_10_7235_3_1473_CAATGAGGTACCCCGGGCGCTTAATGTGTAATAGCT,24
UMI-322_cbde29fc-b585-4c39-8507-ada72bd050ac_10_5771_2_1473_TGTTACCGCGGGTTAATCTGGCAACGCAATGTAACC,4
UMI-324_ec0db1e1-da54-4493-90e7-199b46940f8e_10_5845_2_1474_CCCTAACGCAGACCGTCGTCCTAAGCCAAGACGGAC,9
UMI-331_0411f573-fbd6-415c-b370-437e0daea690_10_5275_1_1472_GAGTATCCTAGATTGATCTTGTATCTTACAATGAAT,22
UMI-345_ecf7c320-f99f-43f3-b070-005d153bfcca_10_8747_4_1473_CTATACCTTAAATTATTTATACGAAACACCATGAAT,29
UMI-348_8e76a576-782f-4dcf-a6bb-0d1ff1bf0567_10_10782_2_1473_TTGCGTTGTGTTTTGTAAACGTATATTATTTTAAGT,14
UMI-357_ec01ab3c-e7ae-40ad-b881-f13a8c0744b4_10_4438_1_1473_CGGCGTCTTAACACGGATCCGTATACCAAGATACTG,33
UMI-379_894722bc-a4f6-48fb-b3d7-2b55fbe0c1cc_10_5991_3_1473_TGCTACGATAGTCTACTTGATTATAGTATATTACTA,26
UMI-393_f4356c33-446e-4f49-a78f-76de643f5e75_10_7531_2_1474_CATACTATAGTGATGGGGTTACAACTTAGAATGATT,1
UMI-405_6957c36e-360a-4a6e-aa39-930899455eda_10_9368_2_1472_TGGCAGGTTGCACTATCGCCACGTCATGGCCTATTA,7
UMI-413_8b68ad51-4147-4f0c-8d5e-c188cbd8f364_10_7246_3_1473_GGTTATTGTATAATGAAGAGGTATAATGAAACAAAC,27
UMI-475_43aad921-65f9-49a8-b85f-7068923e2855_10_4302_1_1474_GCTTAGGACAATTCGCCAAGGCAATATAGCCTAATT,6
