seq_ID,genotype_ID
UMI-47_8242b3fc-ce1f-48ac-b27d-d7d8908b87e1_10_4973_1_2115_CATTAGCATGCAACAGGGTAACAATATAAATTAATA,10
UMI-55_07a445ce-75a6-44bb-aacb-ba71085c2138_10_4324_1_1477_TATTGGAACGGCTCACACGTTTTATCTATCGTAATG,11
UMI-56_0fdef5b9-79e7-42ff-b1ae-cf954a9d6bdf_10_4290_1_1472_GCTTACTCCAGACTGAAACACCGACACGCATTAAAA,62
UMI-9_cafc0069-4c65-43d1-abad-52483ce53c3b_10_4303_1_1466_TGCCATTGTGCGTTGTGCACATATTCTGTCGTAAAT,52
UMI-62_63b6c312-be06-46e3-9d2d-e6d997afbf5d_10_7211_3_1473_CGATATCGTGCAGTGTGTACTCGGATCACACCATGG,8
UMI-71_42ce62c4-c42e-486b-a18a-9f1604793b14_10_7261_3_1475_TCACGGTCTAGCTTATATTAATACAATAAAATAAAC,61
UMI-82_70e8c25d-6f4f-4035-98ef-71fa9fb36dea_10_4286_1_1473_ATGCGCGGCGAGGCATCGTACTAGAGCGGGACGAAC,5
UMI-83_82aa9221-08c5-4679-8479-b1c16d553c85_10_5614_2_1474_TATTGGAGTGTAACGGCAATCGTGCCCAAAGTACAT,70
UMI-85_9b65f18d-b67c-407f-aa57-818030e5b065_10_4301_1_1474_GTATGGATTGCAATGGAGACATGTATCAAAACACGT,54
UMI-87_7a90db09-f1b9-44ca-b0fb-c2252b2d910d_10_4309_1_1470_TGGCACCTCACTGCGTTCAATCGGTATATAATAACC,14
UMI-88_43bcb539-09fb-49af-84cf-208f80075c07_10_4301_1_1474_GTGTGGTGTACATTACGCTGATAGTCCGCTCTAATA,71
UMI-96_eeedf0f4-b243-46fc-899d-e8e7c6c4a8d7_10_8018_4_1472_GTTTGAACCGCGCTACCTAAACATACTGATTTATAC,40
UMI-103_0ecf83bc-fc38-4ddc-870b-ac3a5f648e89_10_4144_1_1473_TTTTGTCCTACGGCGTTAACCCGTGCTGAACCGTCA,38
UMI-105_e27d255d-e2d6-4354-812a-ccfae4b0f91d_10_5770_2_1473_ATTTACATTGCCGTACGGGTATGAACCAAAATATCA,15
UMI-107_ae495aa2-bffd-4350-8e3e-50cbc4d122f7_10_5769_2_1473_TTCCAAGATAATTTGGTGTCGTGTATCATTGCGAAA,20
UMI-108_baf4aab1-9482-4f21-9f8c-50b7b6f36f15_10_7221_3_1473_CGGTACCATGCACTGTCTCTACGATACGTTCCAAAC,30
UMI-115_02ca11a7-6a65-4368-b8c6-984e967daebe_10_5100_2_1472_AACCGAACTAGGTTGTGGGTCTGTTACGGAGTACAT,21
UMI-121_d64d6f2e-8766-4814-ba7b-55ff489f7f53_10_7295_3_1473_TGCCGTGGTGTATTGTCATATTAAAATAACTTAACC,31
UMI-122_7c90c2f9-28c0-4f01-b0f6-a74a44ed4b70_10_5741_2_1472_CAGTGAATTAAGTTATCGCGTTGCGCTATATTAAGC,19
UMI-129_cc716b45-484d-433b-9e2b-93f360252f93_10_5478_2_1471_CATCGCGCCAAAGTATCGAAGCGTTCTAAAACGGCC,63
UMI-134_1d6d4671-523b-44c8-886d-61c1a3be6345_10_4323_1_1473_GTATACTGTGGGGTATAGGACTAGAATGCTACAAAA,68
UMI-141_63b55ca3-6ea1-4bc5-8591-555c7221d4ee_10_4305_1_1473_TATCGCTTTGTAATAGACCGGTGACGCGGCTTGGCC,43
UMI-150_eae9f2e1-766e-4ef5-a463-bd1c4d9be030_10_7250_3_1473_AAGTGTGCTAGTCTATTTGCACAAACCGAATCGTTA,2
UMI-153_1d8747b0-5116-4e03-bd8f-6dfdd9f72249_10_4655_2_1474_TCACAGTGCATTCCATGGTTAGAGTACGGTATAGTT,25
UMI-154_709e4d3e-6b2d-42f6-84dd-1012e37277bf_10_4077_1_1472_CAGTAGTCTGGTGCAGACACGCATTATATGACACCA,7
UMI-166_bd21166e-d086-444d-a710-686aafbaa13c_10_5204_2_1473_CGTTGGATTAAATTAGGGCCGCATCCCGGACCAAAG,17
UMI-170_3b8a7530-6a66-4e67-82ca-15053757bcdd_10_4294_1_1473_AAGTGTTACGGGGTATCCCGCCAGAGTGAGCCGGTA,34
UMI-185_224215b5-bb69-454b-a37c-1bcb7294bb45_10_4297_1_1472_ATACGGGACACGATGTGCCTCCGGGATGGAACAGAG,41
UMI-191_339e1e79-d715-4d8a-9f53-213a12116b81_10_5775_2_1475_TGTTACTTTGTACTGTTGCCTCAATCCATATTATAA,67
UMI-198_70c1730a-56c4-4e55-9a4a-5de85e4af578_10_5760_2_1473_TGACGCGGCGAACTATGTTGACACCTCAAGCTAGGG,59
UMI-219_be9e781e-a114-4309-8523-849367b1c210_10_4580_2_1469_CTATATAGCGTTATGTCTCATTACGACACTATGAAC,33
UMI-220_f3bd69f2-87a2-4509-ac40-e391b5f1aa8c_10_9959_5_1473_TGCCGGTCTAATTTGGGATGTTGGCCTAAAATGACA,53
UMI-243_34b6a1a8-9d9e-481f-a5c6-e6a5b903228e_10_4287_1_1469_AAGTGGTCCAAGTTAATGAATTGGAACGTGATGTTT,32
UMI-244_016f47f2-ed6a-4fe3-b72b-7c92b107d31b_10_4503_1_1473_TCTTGTAGTAACCTGTGTCTGTGACACATGTTGTCT,29
UMI-246_7717842a-5791-4f19-8478-9424625f28e2_10_4296_1_1473_GGGCGTTACGGCCCACACAATCACTACAGGACACAC,12
UMI-260_74449e54-0e00-4c61-a40d-d1b1dc375512_10_6390_3_1474_CGTTGCAGTACCGTAGTGTCCTAATGCAGGCTGATC,23
UMI-0_5069471b-2f2e-589f-8a15-be9b2ad59423_10_6445_3_1795_GTTCAGGTCGAAGCAATGATGCGGACCACAATACTT,4
UMI-10_1d38b406-7eea-4ab0-92a3-bcb6ce50b80b_10_4278_1_1474_TGGTAGCGTAGTGCGTGGTTATAATATGGACTAGTC,50
UMI-25_cf68be07-5b63-4c77-8590-78ca8eae26a1_10_5738_2_1472_GAGTGTATTATCTCATTATCCCGTGCTGATATAGAA,27
UMI-27_d58272b7-804d-4043-a4e3-78089989374c_10_5774_2_1471_AGGTACTTCGTCTTGTCAAACTACATTAAGACAGAA,6
UMI-269_8369b4a3-c6d9-4ba3-ae3b-7840f5f6bce1_10_6999_3_1473_GAGCGGCTCGGTCCAGGTTCACATATCATGGTACTG,36
UMI-274_a610c412-2d72-46a5-baab-040322a9e771_10_7255_3_1474_ATTTAAGTTGCTCTGCAGGGCCAATATAGGATATAA,3
UMI-285_ed3a7530-94ed-4b7c-931d-5b0ae6babf3e_10_5750_2_1472_TGCTATAATGCCTCGATATCTCGAAGCGTATCATAG,55
UMI-297_61e09bb8-f007-44b8-8bf0-48163d267e2b_10_4323_1_1473_TGCTAGTGTAATTCATATTCCTAAAGTGAAACGGTC,37
UMI-312_f841d042-ce37-41cb-8098-d9736fb1bf17_10_5761_2_1472_TATTGGAGTGTAACGGCATATCGTGCCAAAGTACAT,69
UMI-317_f1a08712-f081-494c-86ca-e4427ec93697_10_4691_2_1472_TCACAGTGCATTCCATGGTTTTAGAGTACGGTATAG,24
UMI-321_362d73de-2a2f-4409-b890-e84eab609609_10_5731_2_1473_CGGTGAAGCGAACCAAAGTAATAGATTAATATATCT,64
UMI-326_40a1bca5-dc93-45fc-8aca-950ca02a2b9f_10_7513_4_1473_CTTCATAGTGGCCTGTGCACCTAACACAGAACATAA,39
UMI-328_458d0413-363d-54af-a162-1a871a710622_10_8600_4_1473_CCCTATGTCGTATTGGTAAATTAACACGGGACACTT,13
UMI-330_b54d1ae6-559c-4266-a80d-6ae038b15877_10_4320_1_1474_AGACGCTGTGGTGCGGATAACTAAAACAACGTGTGC,60
UMI-333_fb37b9d8-daf7-4bab-9532-1f163c18b123_10_4689_2_1476_ATTCGGATTATGATATAGCCACATGACGCAGTAACG,48
UMI-336_628af86a-c5ca-4861-a9ec-0612a265413c_10_9471_5_1477_GCCTGAGGTGGAGTGAAGTCATGAACCAACCTGTGG,45
UMI-339_2760116e-8eb3-4c3f-95b8-2432c589a37f_10_4278_1_1461_TTGTGGTGTGTATCATATACATGTTTCAGAACATCA,56
UMI-342_2d56869f-8b3f-4d51-bdeb-edf43dd08b45_10_5946_3_1471_GCGTGGCATATCGTGAAGAAACAAAATATACTATAG,58
UMI-355_63abfac3-9121-4faf-abe7-e4882be7a5bf_10_7713_3_1475_TTGTGTTGCGAACTGCCCTAATATGACATGATGAGA,9
UMI-369_2f8f68c3-9906-4d31-8dd3-24aa954fb3b3_10_4291_1_1473_TCCTAGGTCGGAGTGACGAGATAAAGTAGGGCAACG,46
UMI-373_cc75376e-1be0-4456-b7f1-86fe6a6dfa58_10_4296_1_1473_CGACGATATGTTGTGCCTAATTGGGCTACTGCGAAA,1
UMI-377_cdbd6b54-b576-443b-ac06-a2a7588293cf_10_7753_3_1472_CCCTAGTTTGTTGCATGATTTTAAACCATCGTATGC,42
UMI-388_4dbd85f9-6596-4ff6-85b8-2389582c67db_10_5764_2_1473_CACTAGCCTGCGATGGGGAATTATCATAATCTATAC,18
UMI-391_7facea11-de77-4e4e-a50d-f5c45ebd0f6f_10_4482_2_1472_AGGTAAAGTAATGCATTCTCATGTAATGATATAAAT,44
UMI-401_6dac2176-2537-4b22-a3cb-bc8abd313e81_10_12981_4_1473_TCGCACATTAACTTACTGCCGCAGTTCACGATAGAC,66
UMI-414_50ef0190-2b60-402f-86a6-6a7f4cfd3650_10_5968_3_1473_CCCTGCTCTGAACTGAGTAGACGTTCTACTCTAGTG,28
UMI-423_53b6a9cd-246b-424a-be37-afaaa7b28132_10_4340_1_1475_ATGCAAACTAATTCGTCGCGCCGTTGCAAGGCATAA,49
UMI-429_59d3ce7e-fcef-4e3f-a34c-72a497c67171_10_7628_3_1471_AATTGGTCTAGTTTGCCTGTCCGGTATAAGATGAAA,16
UMI-432_6219f8a3-5380-42d4-8cdf-81f68ec56067_10_4321_1_1474_GTTTGAAGCAGGATGCCAGGATACCTTAAGACGTCT,57
UMI-442_34b9321a-8dbf-4bc3-b95f-8b81f829c6cf_10_5776_2_1473_CCTCAATATATAGTGGAGGAGTGGGATGTGCCGTGT,35
UMI-447_2d37b849-0d43-4b27-bd1f-1ce8e3d3d47e_10_4286_1_1474_AGACAGCTCAGATCAGTGCCCTACAATACTATGAGC,26
UMI-455_aa65e21b-f5eb-41d3-8027-64f1a671099d_10_4331_1_1474_ATTCGTTCTAAGTTAAGTCAGCAATGTAAGCTAATC,51
UMI-465_14f6838c-ea70-46cc-93a1-fa2e7c4d6523_10_4285_2_1470_GCCCGGCACAGTGTGTCGCCCCAGGCTGATTCGCTG,22
UMI-469_58ad8fa8-6347-479c-956d-04949e11cf66_10_7473_4_1473_CCGTGTTTTGTATTGTCCAAACAGTACGACACGAAG,65
UMI-476_d4f68b99-c267-4af3-bf2a-94225dd3580b_10_4290_1_1475_ATGCGGCATGATCTATGGTACCAGTACGCAACGAAA,47
