seq_ID,genotype_ID
UMI-1_d21d7cc9-7a58-4eab-acba-11590fd0ce08_10_4377_2_1470_AATCACACCGAGTCGAAGCTATAATCTAAATCATAT,17
UMI-110_89271ecc-a13a-4a75-95cb-6bbe140fb921_10_15075_7_1473_GGCTAGCGCGTCATGGCCATACGTTGCACAGTATGA,20
UMI-111_e00eafb5-e14a-4bef-b6da-25d76c7348b2_10_5767_2_1472_GCGCACGCTGCCTTGTCCTACTATAATAAATTAAAA,2
UMI-124_c3f470f7-2150-45ca-81d2-13a3adf09f3a_10_8718_4_1474_CTACAGCATAGCGTGCGGATGCGCAGTGGAACAAGC,13
UMI-127_dd384874-105a-4d42-a74c-1d49b05c40f2_10_7233_3_1472_GTCTAACACGCATTGGGTAATTACCGTGGAATAACA,6
UMI-161_952beede-9513-45e0-81c3-ec961738cd19_10_4662_2_1473_CCGTGAGGCGTCTTAACGAAGTGTCTTATAACAAGT,15
UMI-187_25c3569e-c9b1-4838-8668-4ba458a33668_10_5256_2_1793_CTTTAGTACGGGCTGCTTTAGTGTACTGTAATATTT,18
UMI-195_078df310-045e-4fd6-bf70-8937da24e9b3_10_4323_1_1471_CGCTGCCATATTATGGCTGGATATGGCGCTGTAATC,23
UMI-196_2306ce83-998e-43e7-87fd-c8887d4854f7_10_4249_1_1461_TAATGTTTCATTTCAACACCTTAGTACATACCAACC,14
UMI-205_e0468770-fbee-4e79-aacd-32d374dade66_10_4307_1_1473_ATATGTTTCAAGGTAACAGGCTGGTATGTCTTGTGA,5
UMI-206_f214ab6b-fead-4df2-85c4-82c411217893_10_4287_1_1471_AAATGATGTGCAGTGTCTTATTGTTACAGGCTGTTA,4
UMI-214_320e5f1b-95a4-4544-8efd-ab7af8128247_10_8896_5_1473_GGGTGTCTCGTCTCAGACCCCCAATCTAGATCACCG,16
UMI-222_9d171c89-72e7-4483-a189-b0ead96185a3_10_4318_1_1473_TCTCGTCATGGGGTGACATTGTGTACTGAGCTATCA,19
UMI-232_99144635-829a-468e-aaad-96cce45753af_10_8715_4_1473_TTTTGGTTCGTAACGGGACACTAAAACACAATAGCT,12
UMI-235_a3174457-3cf4-4fb2-897f-4e0cfbb60d4f_10_5255_2_1794_TGCTGGTACGTTTTATTGTAGTGCATTATTGTAAGA,30
UMI-13_632c6276-6988-4727-a0c2-80d9be087be0_10_5698_2_1474_GTTTAGTTTAACACGAGGAGTTATATTAATACATGT,27
UMI-17_d66ac5c4-f830-4d9f-9674-8acb89ee066f_10_4285_1_1475_TTTTGTTCTAATCCGTTACCGCGGATCACAATAAAG,7
UMI-22_2480ecfc-d14d-40e2-89be-42bc275e49ea_10_10168_4_1473_GATTAGCTTAGTCTGAGTCGACGTTGCGTTATGAAT,3
UMI-24_e3213d07-494a-442f-a638-771ae6d5f070_10_5767_2_1474_AGGTGCGCCGGGCCATGGGTCCATACCAGCCTGGTA,10
UMI-30_b6d58b17-3fd0-4d65-8840-9aff7e012a28_10_4740_2_1474_ATGTGTAATATGATGAGTACTTGTTGCATAGCAGCA,21
UMI-37_675dfafd-d0c1-5c5b-99fa-177acec0df27_10_7239_3_1474_GATTAATATGGTTTGAAGTTATACACTAACCTATGT,28
UMI-286_6e4fca0f-e93c-4f5a-ae85-b6cbfc735ba9_10_5247_1_1472_ATACGGCTCGATTTGCTGTCTTGAAGTGTTGCGGAA,24
UMI-290_b3ccb966-8c6c-42a7-856b-a8c10683c0be_10_4302_1_1471_TACTATTTTAGGATACATAGGTAGTCTGCCATGAGA,22
UMI-308_364e9153-fb31-41fd-a520-6896b192fd43_10_4314_1_1475_ATGTGCCCTGGGTTACCGAATCATGCCGGGGTACCA,25
UMI-323_f2df48fd-6f6d-4e35-8fd3-a9245d44f4a4_10_7685_3_1476_AAGTGGGCTAAGATACGGAACTTTCATACCTTGTTC,26
UMI-368_d2dda008-d95a-464a-8a1c-ba69e2ed399f_10_4296_1_1473_CAACGTGTTGTGGCAGCGTCCTAATTTGTAATGTTA,9
UMI-399_45659676-bc2a-4afd-af89-8303f7ccdaa3_10_8964_2_1472_CAGTATATCACACCATTACGTTAAACCGCACTATGA,29
UMI-403_c13c97df-d2d3-44ba-ad2d-e17697f97b11_10_6837_3_1474_TTGTATGGTAGCGCACCGCATCGGTACAGACCATCA,1
UMI-434_405812ba-b334-45e9-8277-adeb01ddf03b_10_4322_1_1471_CCTTATCTTGTGCTGGGATAACAGGTTAGTCCGTGC,11
UMI-473_cd3b7489-66a8-4489-a370-37dd07153060_10_8672_4_1467_GAGCACGGTGATGTACTGCAACGAAATAGACTAGAA,8
