seq_ID,genotype_ID
UMI-59_9a5f7539-f0cc-48e1-a226-e5586f6faa59_10_4640_2_1473_TACTGTAGTGTGACATGAAAATATAGCAAGTTGTGC,13
UMI-86_3c6a002b-bbcd-48c9-9646-1625be80c131_10_6846_3_1474_GTTCGTTGTGTCATGTTGCAGTGTAGCAAGTTATGT,12
UMI-131_cc4b0c3f-fb7e-4f77-ba8b-9cb5d3f27f56_10_4292_1_1468_CTGCGTACCAGGGTAAACAAATATGATAATACATAA,5
UMI-149_da512037-a066-4358-b92e-c42a86f2fdb5_10_7003_3_1473_AATTGACCCGATGTGCGTGAGCGACACGAATCGGAA,1
UMI-151_fe2b67a7-e641-4ea0-9a9f-7cea2632746b_10_7105_4_1473_GCACATCTTAATTTAGTGACCCAACTTAAAATGCAG,17
UMI-163_ac1d477c-de56-4171-8b31-f22999bf417c_10_7228_3_1473_TGTTGTAGTGGGGCATCGGTCTAAAACGACATATGA,15
UMI-165_db569cea-b41c-4a94-bce5-49c8c8952dae_10_5765_2_1473_TCCCAGACTAGGCCGGGGACCTACTATGAAGCATCC,16
UMI-204_58c6eef6-abeb-4780-b351-1b9b17684f2c_10_4290_1_1473_AAATAAACTGATATGTACTTATATATCAAAACAGGA,3
UMI-236_1a754693-8cfa-46f3-bfb2-6750a0d85ece_10_5769_2_1474_TGACGGTCCAGTTTAGTCTCATATAGCACGTTATAA,8
UMI-255_9e498ba7-622b-4841-b8d7-8bff0169a359_10_5775_2_1473_ATTTGCCGTATTTCGTACCGATAACATAAGTCGAAT,19
UMI-256_8a7af2f8-096e-4d3d-bdb8-cb25e0e2a24b_10_5786_2_1474_CGCCAGAGTGCCCCATGTTCCCGTCACAGCATACCT,9
UMI-261_d6de6cc2-2a60-4645-a31c-b52edd5ea929_10_9687_5_1474_ATTTGTTCCGATTTGTATCGGCGCTGAACAATAACA,7
UMI-264_d4aebdd5-3c52-47a2-a49b-0b49c85b7b80_10_7201_3_1473_GCCTGCTCTATACTACCTGGTTATAGTACATTGTTC,4
UMI-309_53790810-da5b-472d-84e3-fd49d7e5b48d_10_4277_1_1471_AGACGCAATATCATGGAAAATTAAAATATGACGTTG,18
UMI-332_44520b9b-4b56-4a77-a642-10e39436d9ee_10_4850_2_1476_GTGTGAGATAGGTTGGATCCGCATTCTGAATTAACA,14
UMI-394_fac07950-43c8-4b9a-9a87-b827b9ad3b39_10_7242_3_1473_TAGTGTGGTATGTCGGGATAACAACTCATGGTGGAT,10
UMI-424_d451861f-cea9-4081-92c7-0b6a03d2e836_10_5765_2_1471_TGATGCGTCGGCATGGGTAAACAATGCGAGTTGACA,11
UMI-440_927c6364-ecb4-41e7-a4d3-a30ec86bb81f_10_5808_2_1474_CTCTGATTCGTAATGTTACCTTATTATGAAGTAATG,2
UMI-471_3d06ea9d-2f97-444e-9032-f0a1c8e1db4c_10_4342_1_1474_CTTTGTTCCGGGCTGCCTCTTTACTACATGCTAACC,6
