seq_ID,genotype_ID
UMI-51_f977d532-70ab-42dd-aa56-ff76c69d43cf_10_5768_2_1473_CGACGTCGTAGCTCAGGGTAACATATTATATTACGT,15
UMI-57_f72f24c4-f411-46af-bb38-5879db7d2018_10_4318_1_1476_CCCTACTGTGGTCTATGGGGTCGACGCGCTCTAATA,31
UMI-65_684e649f-1dcf-4bc5-8f98-2ac02b93b24d_10_7257_3_1474_CCGTAGGTTACTCTAGGGGTATACTACGGACTATGA,10
UMI-66_ab22acda-6bbf-4f7e-a8ff-c7c7cf04b761_10_4314_1_1473_TATTGATTTGCGGCACTGTAACGAAGTACGGCGACC,2
UMI-73_0352c750-4fa9-433a-9489-a18a80fec2a5_10_4274_1_1470_TGATAACATGCGTTGCAGCATCAAACTAAGGCAGGT,37
UMI-75_ab155f9b-7e44-56be-9646-006a3b6fb1c1_10_4830_3_1473_GACTAGGGCGCCTCAGTTAAACAGCATGCACTATGA,40
UMI-93_33572a21-3d11-4fd1-8dde-98e252f8947d_10_7243_3_1473_GTGTGTGGTACCCCGTTAAAATAGAATGAAATAGTC,43
UMI-100_22a94078-4791-4d4d-97ca-d5f4829afdf5_10_5755_2_1466_ACTCGATGTGGGACACGGTAATGTCCCAAAACATAA,21
UMI-102_3b6bfe1a-e0b5-455c-b69c-37d1bff37e89_10_7237_3_1473_TGCTGTCTCGGCTCGAGTTTCTAAAGTATAGTATAT,28
UMI-114_89b7effc-30d1-4b2a-9efa-884eb130e122_10_4306_1_1473_TGGCGATTTAAATTGACCGATTATTATACATCATAT,46
UMI-118_db5e32dd-d27f-41f7-aa56-462ca24843f9_10_8703_4_1472_GGTTACACCGCGATAGGGAGTCAACATAATGTAACG,39
UMI-119_74b6148d-b076-45f0-ac9f-5a85c2de91bc_10_5946_3_1473_ATTTGATGTATGGTAGCCACATAATATAAAATACTG,41
UMI-132_458e488e-84b5-4df6-b2dd-67f56a841b29_10_5153_2_1472_TCTCGGGGCGGCCTATCATCATATAATATATTAGCT,52
UMI-138_9fb8f706-f251-4e6e-b51c-5260492d0092_10_4302_1_1475_CCACAATGTGACCCGTGACCATAGCCTGAACCGCGA,14
UMI-139_ed87b343-0e92-4eb2-a6d7-9665f5d6f35c_10_7248_3_1473_GTATAACATGTATTGAAGTAATAGACCGCACTACTA,4
UMI-143_b8324231-ecc1-49d2-a0b6-a3aa967823f0_10_5766_2_1472_ACGTGTATTATGCTGTCTGTTTAGCTTATGATAGTT,48
UMI-146_916fb71f-1773-447b-bb9c-b836de30d530_10_5773_2_1474_AAATGGAGCGACTCGTGGAACTAGTACATCTTGCAG,1
UMI-147_33476a6c-eb5e-467c-a6c3-257f78c69ee2_10_5469_2_1472_TTGTGAAACGTACCAGGATCGCAAATTAACGTAGGT,50
UMI-152_a2e41bf4-80a3-4d41-b551-7caf37fd9259_10_4210_1_1470_AGATGTGCCAGACCAATTTCGTAGCCTGAGTTACCC,54
UMI-168_81e860a7-77c5-42cb-8b33-3fcbb4b1b114_10_5759_2_1474_ATTCGTCCCGGCGTATTACCACGCATCGAGCCGGGA,3
UMI-175_88ed9f9f-8401-49ad-8826-51bac6dcfa75_10_4283_1_1472_TGATATTATACACCAGGCCAGCACTGCACGATAAAA,25
UMI-178_16cf86a2-2d2e-4add-b5ab-7f9a6ad46370_10_7296_3_1473_AGGTGCTTTAGGATATTAGCGTGGTGTGCGCTGTGG,44
UMI-180_cea24346-772b-42b1-a6a7-815155273494_10_4290_1_1471_GTATAGCACAGAATGCTAAGGCACGACAGACTATCA,6
UMI-181_6d3efca9-a8da-4cf3-a9cc-cb683be25b92_10_7256_3_1473_TCTCACTGCATCACGGTGTTCCATCACAGCATGAGA,12
UMI-183_a24e31ee-9dc9-45bc-895b-5075587a6788_10_5989_3_1472_TGGTAGAGTGGCCCGCGGTCTCGTGTTGCGCTAAAT,19
UMI-193_edce5753-eefb-4733-83a1-69fff95dcf98_10_6999_3_1788_AACCAGGCCGTTACGTGGTCGCATTCTATCACATTC,20
UMI-207_c60a4708-b474-4734-be59-609ede2d610c_10_5033_2_1473_GAGCAATCTGCATTGCTCACACAACCTAGAATAACC,29
UMI-213_290fb406-5576-4c67-b200-e50889aa5d6a_10_5736_2_1473_GTTCGAGATGTTTTATTCAAACAAATTAGCTTGGAT,42
UMI-234_f30d74e9-e709-4f0d-92dc-898e7c603387_10_5820_2_1473_TGTCGGACCGGTCTGCGGCGGCGGCTTGGCGTACCG,56
UMI-237_c2e8fab1-7aba-4ef6-aba9-c4815802c9f0_10_5786_2_1473_TTCTACGGCGTATTAGGGAATTAAGGTATGCGCCAA,49
UMI-240_21e3491a-6199-4c4f-82de-b10e1761fe68_10_4953_2_1472_GTGCGAGGCGAGGTGAGGAGGCAAAATGTATTATGC,26
UMI-16_3c5e197e-9ade-4c44-afe9-c3586d6ff1c8_10_4286_1_1473_TCACATTTTGAATCGGGAACACAAAGTAAAATGATG,47
UMI-26_48e73752-0156-4c51-9f6c-abaadfa1ca14_10_4304_1_1474_AAATGGCATGTTGCGAATTTCTAGGATGCCGCAACT,23
UMI-272_c743d56a-135e-4f02-a14c-122fd003c578_10_5240_1_1473_CAATGTGGCGGCCCGTCTAATTATGGTAGTTTAGAT,13
UMI-276_3f78638e-0ce2-4a65-8582-10f551c494f0_10_5767_2_1474_TACCAGCGCAGTGTGTAGTGATGAACTAACCTAGAC,36
UMI-315_ece7d61b-8620-45f6-a05c-2bca594f48dc_10_7218_3_1473_GGACATTTCATCTCAGCTCAACGCTGTATACTACCG,55
UMI-343_cd073d74-f4ac-42b9-a19c-e9abb941351a_10_4234_1_1470_AGTCATTATGGGGCGCATAACTGTAATGAATTATTA,51
UMI-346_fae61c3d-05e7-4b11-8bab-89232ce91403_10_4290_1_1473_AAGCAGATTGCAGTGGCTCGGTAGTATACCATAGCA,7
UMI-354_047c6040-28fa-4332-b440-fc1003c197f0_10_7204_3_1475_CATCGTAACGGCTTGTTTTGATACAACACACCGAAC,16
UMI-370_0a8a9267-eac5-529b-9fbc-e158c04e22cf_10_6598_3_1474_CCTCACTATGATTTAAAATCACGCATTACGACAAAA,18
UMI-372_388e211b-7cc5-4e21-85c9-97e06cb848ab_10_7674_4_1473_ACTCATCCTAGTGCGAGTTGTCGAAATAGATTATTA,5
UMI-381_04c7a743-6a99-4449-9471-5597367e627a_10_4297_1_1471_GCCTGGGCTGAGTTACGTAACTAAATTAGGATAATC,32
UMI-397_b0e4d937-b792-4c33-b8eb-36b4f5ba6525_10_4286_1_1473_GGGTGATTTACGGTATTGTATTATACCGTACCGGGG,33
UMI-398_6fe739b1-e683-4055-8d09-c4e0f5213ddd_10_10165_5_1473_TTCTAGGTTAGGCTATTTTCATAGGCTGTGATAATC,17
UMI-404_8b718209-5350-4427-9683-691c0572707c_10_4264_1_1475_GGTTATATTATAGCGGAGCACTAAATTGAAGTAGAA,45
UMI-406_0c28d34a-b997-4d47-bf40-31b245636fe4_10_11480_3_1472_CTACATGTTGCTTTATTTATTTACTTCGTTCCATAC,24
UMI-409_278fa302-6339-4c39-823d-38f746824cc6_10_5786_2_1476_TGTCTTGACACTTTGAGGCCATATAGTAAAGCATAG,11
UMI-415_de0248c3-b778-42b7-9985-e78580c786aa_10_5471_2_1472_GCATGTCATATGATAGGACAATGTCTTAGAACGAGA,8
UMI-419_9a6ddf3f-7fc6-45dc-927e-6aeeceb6818a_10_4303_1_1474_TGGTATACCATTTCGTACACATGTGTCGATATAAAA,53
UMI-420_7a777848-d981-4320-a9dc-cea9d72e1af1_10_4287_1_1475_TTCTGCACTGGTACGTGGCTATAGAATATGCTAAAA,38
UMI-426_fb58e6e3-af7f-46b3-91d9-3981f48cc118_10_4294_1_1472_TGCCGGATCGCGGCAGAACAGTGAATTAAAATGATA,27
UMI-430_6c06ba87-bbd5-4fd3-8eab-72fd2360f2cc_10_6067_2_1472_TTTTATTGTGGGTTAAGGGGATATAATAAAATAGAA,30
UMI-437_e83d9643-8805-457e-9d82-0d8e03fce574_10_5750_2_1473_GATCGTTTTGTTTCATCGACCTGTCACAAAGCAAGA,34
UMI-454_f927598b-691e-5ecb-82fc-0847db6abf85_10_6400_3_1476_GCGTATGACAGCTCGCTGCGCCGAAACAAGATGTAT,9
UMI-456_761218ce-62d5-4649-b483-1b4e42789d39_10_4303_1_1475_CTCAGCTCCGTGGTGTCGGTCTGGAACGGATCACAA,35
UMI-457_5341c5b6-dad1-52c9-92c3-a4d88d9e29ba_10_5394_2_1474_TGGTGGCATAAGCCATTTTTCTAGAGCATCCCGTCG,22
