seq_ID,genotype_ID
UMI-48_781d9cc5-fca8-43eb-88ae-3ef68cc2b160_10_6530_3_1787_TGGCATCATGTGTCGAGGTTATATTTCACGATATAT,42
UMI-58_80c9567b-f88a-41d6-8255-f2cb484f4140_10_4311_1_1473_CTCCGTTGTAGTGCATCTGTCCATTTCGAAACATTA,14
UMI-38_12bc8219-e7f2-40dc-be4e-334aee07276a_10_7256_3_1474_GTATGCCACACTTTATTACAATACCACACTCCACCA,10
UMI-70_2bd6c64a-f8db-41d9-a522-9dade7455048_10_5207_2_1473_CCTTGAATCAGTGCGCGCGCATGCATCAAGTTGATA,27
UMI-90_e6a79616-632c-4574-b8dd-5a02d2d6fbde_10_4293_1_1474_GATTACATTAGAGTATGGGGGCGGGTCAAAGCACTC,46
UMI-101_f7362e75-a574-43c7-aff2-a1d868101d3d_10_4964_2_1473_CATTGTTGTATGTTATTATAATACTATAGAATAATA,18
UMI-106_2394406d-4a84-448e-b370-ec798cbd5f84_10_4306_2_1459_TGGTGGGGCAACACACGAATCCGAATCAAAACACAT,38
UMI-117_3f0ddfad-6c7b-4533-b1b5-94f739a29e21_10_7431_4_1474_AAACGGAATGGTGTGAGCTAATAAACTAATTTATCA,41
UMI-125_4e07b97b-43aa-4472-a919-1fae497fec75_10_4382_1_1474_AGTTAAGCTGATGTATGGTCGCATGCCAAGGTGTTC,6
UMI-145_cd00bb74-994b-46c4-9de3-6171bede82d8_10_5768_2_1474_ATCCGCTATAATGTAGGGTCATAACTCATCATGTTA,37
UMI-177_e4816f9f-c010-4415-95ee-1ea8f5890ae9_10_4279_1_1467_CTACAGACTGGGGTGCTCTAGTGCCCTGTAGTAGTG,8
UMI-182_5a1049be-5c45-4d38-aed5-e2a03d25adc0_10_5767_2_1472_TGTTGTGCTACGTTGACCGATTATTTTGCTACACGT,15
UMI-223_98d88d4d-0188-4394-bff8-5e100ad17115_10_4327_1_1469_GGCCAAATGAGGTAGGGTTCCCATAACACAACGTTA,57
UMI-231_ca7d3bc1-8fa0-4cf9-98fd-561e5db31347_10_7241_3_1473_GAATGATTCGATGTGCCATATCAGTTTAAATTATAT,7
UMI-241_a41e71b8-5a96-47a9-8af5-9025bf736c25_10_7222_3_1474_GCTCGTGTCACCCTGCTGAGGCAACTTAAGGTATAT,51
UMI-252_17b5b007-59f4-4bad-bf03-f6a64119ff48_10_4281_1_1475_CTGCGAGTTGAAGTGCGGCAATGCAGTAAAATAAAG,43
UMI-257_f7421b2c-a80f-47a8-975c-503eb9e82a07_10_7241_3_1477_TGTTATCACACGCCGCGATATTAATCTAATATACTT,54
UMI-259_1ff4505c-56c3-4fde-ae4c-c8d9019adf23_10_6074_3_1474_TTTCGATATGAAATATGTCGCTCATATATAATAAAA,11
UMI-15_1813b01c-87dd-4a1d-b840-f0cf863b54b1_10_5968_3_1475_CGATGTACCGGCCTATTTGTGTATAACATTGTAACG,1
UMI-21_79acdcbe-2914-40bb-8872-40a21e9daba5_10_7385_4_1798_AGGCGATATACCTTAATTTTTTAAAATAAGATAGAT,9
UMI-33_c9123bf0-567d-43e3-866d-a799f7ebcb34_10_8704_2_1472_AATTACCGTAATTTACTGGGCTACTCCACCCCATGG,52
UMI-40_d2cfd769-b01d-4af5-b6a9-3836be41cf92_10_4282_1_1473_TTTTACCTCACGGTGCATGCTTAATGCAGAATAGTC,17
UMI-41_2cde0cc0-db88-435f-b5a2-ea29e0c96abb_10_4081_2_1448_GGATACTATAGCGCAACTGTATATTACACCTTAACC,5
UMI-270_6f89ceec-32af-4cd5-90bf-6ae510320201_10_4308_1_1474_CGGTGCCTCGGTCTGGCGATTTATCTTATAACAAAT,2
UMI-283_eb7626fb-b9c9-4e62-b855-179b8c79d55d_10_7665_4_1473_GCATGGCTTGTTGCAAGGAATTAATTTAAAGTATAG,26
UMI-293_d1c9a60e-933a-4004-b47b-17af48b33915_10_4290_1_1474_AATTGCGACGCATTATGTTCGCAAGGTGGAACATCA,40
UMI-299_1f15f727-5128-4f7c-b537-b714c44de08d_10_4287_1_1471_AGGTATGCCATGCTACGCTACCAATTTAAACTACCT,33
UMI-300_7a494a9d-15d9-467b-942d-c9bdb3ff955b_10_4631_2_1472_GCATGTCTTGCGATAGGTTGTTGTAATAAATTAAAC,31
UMI-302_f3192194-b05a-47f5-b865-1f09df4f83f3_10_9284_5_1473_TGTCGACCCAACTTAATAATGTAAAACAAGGCAGAT,13
UMI-304_afead4a5-03f6-41d0-a0e5-b4b559c7526e_10_4295_1_1474_CAATGTAGTGGCTCAAGGCAATAATTCGCCTCAGTG,25
UMI-310_ecc18348-9e49-410c-9b50-123d6897155f_10_4895_2_1467_ATATGAACTGCGTCATAGAGTCGTAGTAAAATGGAA,16
UMI-313_6f94dc3d-c922-457d-a239-61f5958a772d_10_4291_1_1469_TCTTAGTGTAGAACATCTATATAGAATGAGCTACAC,20
UMI-320_d0e52fbb-d146-47e4-88b7-8fcdbb9e9c6a_10_5791_2_1473_TCATGCCATATTCCATCGGAATGCTGTGAGGTAGAA,19
UMI-327_57b7f76f-447e-4910-a8a7-ac68b08cedf0_10_8667_2_1475_GAATAGAATGGGTTATTTGGGCGTTTCGTAATGCCT,48
UMI-334_82ec8605-9574-4259-87f1-0f735a3c87db_10_5998_3_1473_CTACGATATAGATTGACTGCCTAGCTTATTCCAGAT,34
UMI-335_7453680f-7b7c-4a5c-a90f-a8ac92752e43_10_7235_3_1473_TGTTGTGTCATATTAGCATGCTATTACATAATAGTT,22
UMI-337_3fc789b3-16a8-4320-a848-76055e089cf2_10_7211_3_1473_CATTGATGCGTAGTGTTACCCTGTACTAGAACGGGC,45
UMI-338_a731df8b-ff31-4af4-9132-faaad24503de_10_5054_2_1477_CAACAATCTACGTTATGGCATCGATATACCTTGGCT,24
UMI-341_a77c9dc6-7c4a-41ff-a5a0-fb6e475c2602_10_5747_2_1476_TCCCGGCCTGTAGCAAGGACGTAGCTTATGACATCC,30
UMI-347_de186b81-3b62-478e-9cec-daceaa197a5e_10_4643_2_1473_GTGCGGGTCGGCTTAGGGGTTCGGTACATAGCAGAC,35
UMI-349_1a668ba4-9617-4e48-9503-3d2463ba1369_10_4294_1_1474_GAATATTCTAATACGATGCAGTGTCCCGCCGCGTCT,50
UMI-359_f4aafc5a-e0fc-40e3-9e1f-50175355502d_10_4266_1_1473_CTACATTTTACTTCACACAAACAACACATTGTGACG,56
UMI-360_3a5a76dd-1b2a-43a8-9136-80863d3ceba7_10_4303_1_1475_TAGCATATCGCGATATTGATATAATTTATTACAGAT,21
UMI-371_d856e444-69c5-4fb9-8f45-d836dc6ab29a_10_8425_4_1473_GCCCAGAATGTAGTGCAGACTTGCTGTAACGTAGAT,32
UMI-383_fccda959-dbb9-4e85-a785-5f19388bdabb_10_4595_2_1474_TACCACTACGGTGTGGTAGAACGGTATGATATGTAA,36
UMI-386_eb6b8a53-7bfe-46c2-8b4e-74aafd9be2b9_10_5786_2_1475_GACCGTTGCGTCATGGAAAGTTGCCACAACGTAAAT,55
UMI-392_f3e98eb7-e3b8-4f01-89cc-df2f1aa17072_10_7248_3_1467_ACATGGTGCGCAATGCTCATACAGCATGTCATAAAT,44
UMI-407_398959ad-8559-49f9-9183-0cf93cc1e1f5_10_5757_2_1475_AAACGCTGCAGTCTGGAGAGCCAAACTGCGGTAATT,29
UMI-417_5f1ed3f4-2bbd-44e7-be35-5eb474eb8502_10_7240_3_1473_ACGTGATCTGTGCCATAATATTAGTATATCCTAGTC,3
UMI-421_7367de33-6d69-4dca-8536-a7e8420d6196_10_5757_2_1475_AAATTTGGCGGTTCATGAATGCAAATTAAAACGACA,12
UMI-422_5c2d29b9-97af-5a61-8a34-0a63e5feab32_10_6624_3_1472_GCCCGGCATATTATGTTCTTATGACACGGGCTATTT,28
UMI-427_6a12a83f-9a7c-48c7-8db0-f91e48c31bd3_10_5751_2_1471_CTATACTTCGTTCTATGCGGCCATAGCAATATAAAA,47
UMI-439_2946f41f-d7d9-4315-82d7-1f1d967194a9_10_5768_2_1473_TTATAAACTGGCCCAATCGGGCGTAACGCCGCGCCG,39
UMI-441_aa9f643e-6c96-40d1-b887-4b6b5c93993e_10_7246_3_1473_CGGTAACGTGCTCTGTCCAGCTAGCTTATGCTAGCT,23
UMI-452_7ee06a87-80f7-469d-99ac-dd3b48629c15_10_5764_2_1470_CTATGTTACAAATTGGATCAATACGTCATGGCGAAG,4
UMI-453_b9bcc198-4ad8-4b50-b280-b4a162d31dce_10_4314_1_1476_TCTCGCAATGCTTTAGCGAGATAAAGCATCATATAC,53
UMI-6_a1dc44f0-f91a-44b1-902d-8d2044bb55a7_10_5721_2_1472_AAATGTCCTACGTCGTAATGACAACATGGTCTGAGA,49
