seq_ID,genotype_ID
UMI-46_f87f0183-f91b-441c-977f-099bc45f7af7_10_6767_3_1796_CAATACATTGTCGCACGCTGTTAGGGTACCTTGGAG,4
UMI-54_fa48f99e-a8a2-4eae-b3ed-0fb20a681b5a_10_5757_2_1474_CTGCGGCGTGGGATAATACCACGCCGCGATTCGACG,14
UMI-68_c49bba17-ce8c-5eac-bde3-22b30d967379_10_4831_2_1472_CTCCGTGTCGTTTTGAATGGGTAGACTGTTTCATCC,27
UMI-79_8e9bdb4c-1a05-4e02-8b10-e8fe43881893_10_4297_1_1473_TTTTGGTTTGTTCTATTTCGTCACTATACGGCAGAA,29
UMI-89_36e0f9eb-56b5-4296-a99f-5045173b8ab4_10_4288_1_1475_GTATGCGATATGTTACGAGTTATTATGCCACTATAA,12
UMI-94_1bdcb14c-2979-428c-9c21-0dbd0241f87a_10_5776_2_1473_TACCGTATTATAGCAGAGGATTAATGTGCATTGAAA,18
UMI-116_dea9696e-91b6-4d93-b07f-aa088a747755_10_4293_1_1469_TCTCGTTGCAATGCGTGTGCTCATCTCATATCGACC,24
UMI-135_e45796dd-ad7c-4532-a070-ed155a9481f6_10_5746_2_1475_GATTGTGCTATTCTGTCGATGTGAGGTACAGTAAAC,17
UMI-142_fe4808f3-7b46-464b-b1c8-a9bc888b0fbc_10_4295_1_1472_TGATGACCTAACACGCCGGAGCGAGGCGTAGCATTG,8
UMI-186_2388f213-238e-419b-9fc2-a487520adb4f_10_4310_1_1473_ACTTAGCACAATACGAGCGAACGACATAGGGTGACA,1
UMI-203_cb837b66-6fc8-4658-86e6-73b63cce2112_10_7606_4_1473_GTTTGTTTCGATACATGCCATCATTCCACGGTGAGT,30
UMI-217_25149b58-61c0-462b-938b-e2728369f9d8_10_5772_2_1472_GCGCGCGTTAAGTTGGGGTTTCAACCTAATATATCT,28
UMI-221_db511b8e-8c63-4857-a2c4-82216c59f540_10_5748_2_1474_GGGTAACTCATCTTGTCCTTATGTATTACTTCGATA,13
UMI-225_7b4773a2-f59f-4bd4-915d-c0c51fc4dab2_10_5748_2_1473_GAGCGAGTTGGGGTGGGCGGACAGGATATGGTGTCC,15
UMI-227_cdcf19f0-4837-4f7f-965f-53bd2d988800_10_4477_2_1473_CGGCAAGGCACTATGTAGTAATAAATTGAAATACTG,21
UMI-233_6199b0ab-39af-435c-9607-92ecfd6c7350_10_4299_1_1472_GAGTATCTTATGTTGGCTAAACATTTTAGAATATTT,26
UMI-251_e1d09eb6-e9ad-472d-8bfc-82ea310d5411_10_10181_6_1473_TACCATGGTATCATGGGGCTACGATCTACTTTAAGT,25
UMI-12_9ea893dd-0f39-59f1-a7f0-13cde80eaf47_10_4300_1_1472_CAACGATGTGAGTTGGTTTGTTAAATTAAACTAAAA,6
UMI-279_5b3aa61f-a9ee-47b6-97a3-f56f1b194c81_10_5751_2_1474_TAGCGTCTCGCTTTGCTTTTGCAGGGTAAGTCATGG,3
UMI-287_0b4ba6a4-5459-4457-aa4f-c8cf7527216b_10_4474_2_1471_ATTTAGCTTATTGCGAGTTTACACGCCGGAGTAAAA,19
UMI-298_9f7ab199-8000-4039-afed-936380ebbce2_10_8724_4_1474_GTCTGTAACGCCTTAACGTCATGCTACAATATGAAT,32
UMI-305_a2bcebb4-a6b6-4e3b-bded-a39e1c0adaa7_10_7216_3_1475_TGTCAGAGTGCCACGAGGCAGCAGACTAAGGTACTA,11
UMI-311_fbd186ee-e1e5-47ca-89d2-8684b4e6fab8_10_4301_1_1473_AGGTGTTTTAGCCCGATGAATTGTGATAAAGTGAGC,5
UMI-314_1c5a0289-4717-4253-9f6c-270c3d07360a_10_7240_3_1474_GCTTATGGCAACATGTCCATTTATAATAAAACGGAC,20
UMI-340_9fe43a1c-777a-4859-87d1-a7bcda888677_10_5744_3_1786_TCATGTGGTATTCTAAATAAATAAAGTAATATATTA,23
UMI-390_f68665cd-b21c-4ac4-8c93-c350e5d46222_10_7213_3_1472_TGATGGGATGAACCATCGATACGAGCCAACGCATAG,16
UMI-396_46cb64cf-3be0-4b56-8af0-d43746f07b2b_10_4303_1_1473_GAGCGTCGTGCAATGGGGAAATAATTTGATACAAAT,10
UMI-431_1a36f0bd-8955-40c1-88a2-d89667bb34b7_10_8236_3_1474_TGCCGTCGTGACTTGATATACCATCCTAATATAGAA,7
UMI-443_8ae12e5c-4303-44a9-a6b9-f60b90f13926_10_4285_1_1474_TGCTGTAATGAGTTGTCAAAATAAGGCATATTGCTA,22
UMI-450_a773c14d-e5df-4fd0-bfaa-46bae441f86f_10_5781_2_1474_TTCTGCCTTGAGGCGCTCCTGTGATACGCTATAAGT,2
UMI-467_8b8b72b8-02a7-4d92-85ee-0a37acfdc794_10_4311_1_1473_AATTAGTACGCTTCGGGTGAGTAACCTACAACGAAA,9
UMI-479_0d6a94d5-9c0d-4719-ab73-29e139a4da04_10_4307_1_1472_CGTCATATCGACGTGTGGTGATGGAACAATTTGCAA,31
