seq_ID,genotype_ID
UMI-69_759d05c9-de8b-4582-a681-b37c604f5a73_10_5767_3_1474_GCTTAGCGCACTTTGTAGACACAAACCGTCCTGCTA,20
UMI-72_9601cd57-20f6-4040-ae35-c7d6c118283d_10_5759_2_1473_ATTCACCGCGGCTTAACGTTCCAGATTATACCATGA,12
UMI-81_f3f5dc5a-9f3f-40d1-b917-04da56c05281_10_7227_3_1473_GCACGGATTGGGTCACCTCAATACATCACAATGGGT,38
UMI-92_b012fffe-c309-4b4e-9676-6d4f435d40e6_10_10138_5_1471_CCTCACCTCGTCATGACTTTGTACCGTGAAGTGTTC,15
UMI-140_5f741139-1e54-45c0-bd60-e88c2844dbfa_10_5798_2_1470_TTTTGGCGTAGCGTAGGTATATGCGCCAAACTGGAA,28
UMI-164_604709c2-a47d-4e50-b7b2-17de395769bd_10_5802_2_1474_TCCTGCCTTGCATCGGGGAAGCAGATTATCGCGTAC,31
UMI-169_98b9b145-9788-46db-88df-cf915c675209_10_9487_5_1473_GAGCGTGATGTCACAGGTACACGAACCGGTGCAATC,24
UMI-173_55534e9d-5707-49b7-9417-732c93f9deda_10_5765_2_1473_AGATAAGTCACTTTAATATTCTAACATAGTATATTC,21
UMI-184_e9ddf2fb-a1a2-4dc9-ae5f-fe31ce1aafa4_10_5647_2_1460_TTTCAGTGCGTGACGACTCGCCAAGTTGGACTGATC,14
UMI-190_b1fa4db2-32c5-5300-bed2-e8c718423550_10_5777_2_1474_TCTTAGTGTGCAGCGCCAGATAAATTATAGATAATG,9
UMI-211_e5ea3320-bcb3-4339-b619-4f8b755cb6fd_10_4300_1_1474_TCCTGAGGCGTATTGTATTTTCATACTAACGCAAAC,10
UMI-226_316d9cb7-a877-458d-99ae-980a7bca61fa_10_7244_3_1473_GTTCACTGTGGCTTAGATCGATGTAATGCGATGCTT,13
UMI-11_37bd5008-8ea7-47af-ab4d-6e4d885d82a2_10_4289_1_1474_GCTCGGTATATTGTGCACCACTGGATTACAGTACAA,29
UMI-44_5c8139a1-51cc-4276-b20d-2a4ab6d75798_10_5646_2_1474_AGCTATACTGCCTTATTTAGGTAAGTCGACTCAGCC,36
UMI-267_b79662cf-bf44-4f93-b244-af38426b2f14_10_7216_3_1473_GAATGGCATGTTGTGTCTTATTATTCTAATATGATG,11
UMI-268_451e6f2e-e741-40bf-8c1c-abe04a8ea8dd_10_5771_2_1473_TCCTATTGCGGTTTGTGGAAACAAACCGCCACAATA,18
UMI-271_8bcc9844-1ebc-4b48-8139-bf25e5e3e048_10_5770_2_1473_TCCTGTCTTACGATGGGATTTTAAAATACTTCAAAT,3
UMI-277_76f5fe3f-9dc5-5d62-bcba-4b679e75ce13_10_4302_1_1473_AGATGCATTAAGGCATGAATTCAAACCGCATTGACA,17
UMI-284_58a604e0-4486-449f-b50a-83688189cd31_10_7287_3_1472_GGTTGTAGTATTATGCACTACTATGATGACTTGTGA,2
UMI-291_baabe02d-3beb-4658-86e0-b60cf1279ca3_10_5379_2_1473_AGTTGAGCTGGGGCGCTCTTATAAGGTACCCCAGTT,5
UMI-292_672be5ca-fe9e-4cb5-ab8a-1e9386c6f46d_10_5736_2_1475_ACTTGTGTTATTCTGAGGCATTGCCGCGTAATAGTT,7
UMI-294_1e4a6fc4-a2e8-438b-996b-2e52290b7673_10_22130_6_1473_TTTCGCCATAGCTCAGCCTTATAACTTATAACAATA,26
UMI-319_a01d20e4-0348-42e4-8078-1d5590c151b4_10_5756_2_1473_TTGTGAAGCGTTCTAAAGTTGCGATTTACCCCGTAG,4
UMI-350_16181ac4-7543-4284-8519-5c4064995556_10_4296_1_1474_TTTCATGGTATTATGCCCACATAATGCGGGATACAA,34
UMI-351_9ae6f30f-7efe-5144-a812-df4c3d7697da_10_5996_3_1472_GTGTGGGGCAAAGCATCGCAACGGGTTGTATTAACG,22
UMI-361_3c1bf6c8-695c-4423-9b88-ec1f27a02eec_10_4301_1_1474_CAGTGTGTTATGCTGCATGGACAAACTGCACTGGGA,37
UMI-362_e8557c7c-7ec7-442e-8a2e-892480c3a53f_10_5757_2_1470_GCTTATAGCGTCTCACTCCCCTAATCTACCATAAAA,27
UMI-367_8f436dc8-b266-407f-ae43-cd3a7c835cb4_10_4326_1_1472_GTACACAATATACTGCGTTCTTGATTCGCTGTGGTA,1
UMI-376_3c692f36-91ca-4af2-9924-4764cc8776dc_10_7283_3_1473_TACCGGGCTGATCTGACGAATTAAGATAGGATAGAG,19
UMI-395_44d22893-67a7-4442-aae1-20318ccbe7e4_10_4284_1_1473_CGATGGGCTGTTTTGGGTATGTATAGTGCAATATCC,35
UMI-402_170d6432-6010-471e-964e-8c483da9c51f_10_5797_2_1472_CGACAAGTCATTACATACTCACAGCCTACACCGATA,23
UMI-411_670deb14-318d-47ac-a89d-15e15bc29464_10_7237_3_1474_AATTGAAGTGCTATGTTTCCTTACAACGGATTACTA,16
UMI-425_1abca7f5-c277-48dd-8a3d-76dcbb2e8214_10_5781_2_1473_GTCTGCTCCGGGGCGTCGGAATATTTTACACTATAA,6
UMI-448_d644935d-683e-544e-a95c-f8f825338c74_10_4436_2_1467_TCTTGGGACGTGGTGGAGAAACAAATTGCCACGTAA,30
UMI-449_bf0a2101-8730-4d50-a12e-a2b0bd2e3130_10_4269_1_1475_GTCTATCGTAACCTAATCAATCAGCACAAACCAAGA,33
UMI-34_cb09fd04-c14d-5ebd-80cb-1256d37659d5_10_5129_2_1474_TTGCGGCACACCGTAGTATTTCATTTTAAATTAAAC,39
UMI-458_2752a4e6-b73d-5168-8b21-33b34f721ab0_10_5756_2_1472_TCTTAGTGTGCAGCGCCATGATAAATTATATTAATG,8
UMI-18_9d17508e-8667-44ef-9983-f05d7ec1cd52_10_7248_3_1473_TGTCAGCTTAATGTGTCGCGATAATGTGTTACGACA,25
UMI-478_a178893b-3079-42c8-b5cb-8ce054b78dc4_10_6309_2_1457_GTGTACTCCGTTCCGCTATATCAATTTAAATTATTT,32
