seq_ID,genotype_ID
UMI-50_ce4bd8d8-2bf3-4717-8a85-876fceebf87b_10_5283_2_1795_AGTCGTTCTGCTATGACGTACCATGCCATATTATAC,2
UMI-60_6b062a87-090c-4a8c-b9e7-6a3131aa2752_10_4313_1_1471_ATGCGTCCTGAGTCATAGACTTAATCCGATGCAAAT,34
UMI-64_778c34e5-99b7-4a06-a567-d5afd06da1ee_10_5759_2_1472_TGGCGTTCCAGCCTGTCGTCCCGGGTTGAGATAGGC,8
UMI-67_87e7db5f-bc48-4ead-bf7a-646bb05e7fc1_10_5197_2_1475_AACTGAGTTGTTTCATCGCTTTGACCTGTCACACTA,20
UMI-76_62bd8274-5b48-4e8b-a786-fbc0b37ea498_10_7240_3_1473_GTTTGGGTTGGTGTATGGTTACAGGGTAAAATACCG,36
UMI-78_5a19d6e8-0548-44ff-9cce-738c1374aad9_10_4303_1_1472_GGCCATTCTGAGGTGTCAAGATATACTAATATATAT,6
UMI-128_4e1e4558-c63c-4980-8ccc-60d1dbbb4b1c_10_7122_4_1467_AAGCGCTTTGTTCTGCCTAACCGGCATGTTTTGCAA,19
UMI-130_ca43ec3c-a238-41db-815e-d4e77a255c98_10_4285_2_1458_CGGCAATGTGTTTTGAACGCATAGTACACGACGATA,27
UMI-144_f9287e48-e699-4aab-b4d7-bb4181697bc0_10_7420_4_1795_GAATACTCCACTGTGCCCATTTATTGTATAGTAACG,18
UMI-158_8772650e-68f4-496b-bc7f-a26ea239b10a_10_4290_1_1471_GGCCATCTTAGCATGATCACCTGATTTACTGTATCC,3
UMI-167_35ba3a19-8da0-451e-8196-1435607f17be_10_4287_1_1472_ATGCAAAGTGGTCCGTTGGGTTGATATGCTACGAGG,30
UMI-189_2914db5c-6568-4aa9-8bea-28d1dcf5ee6b_10_4254_1_1473_ATTTGGGTTGTGCCAATACAATACCACGTCACAATG,7
UMI-209_366b16b9-39bf-42ac-93e4-d5b6a6f32e84_10_4278_1_1469_GCATGAGACATGCCGTGCTGCCGCTATGTGGCAGTT,9
UMI-218_8d153c8a-7a49-4199-9542-f5cf272ac9d2_10_5755_2_1473_ATATGCTATATAATGCGGCATTAATTTAACATAAAA,16
UMI-228_c987cf37-ddaf-4b9f-a186-a2a5db140023_10_4273_1_1468_GCGTAAGTTGGTTTGTCCGCTCATCTTGGCCTATAG,38
UMI-245_bde1c8de-a554-4db0-bec2-1c69fe3992f0_10_4298_1_1473_AAGTGGGACGGCGTGGCCGGACATAATAGGCCATAG,11
UMI-247_0b98c78a-8cef-4e2f-adee-3bee99afd95f_10_5769_2_1473_CTGTAAGCTGCTCCAAGGAGGTGAAATATACTGCTA,15
UMI-250_6995225c-7d4c-42db-be71-d6b4475d44b8_10_4302_1_1474_ATATGTTACAGTGCATATTCTTGTTGTGATGTAAAA,29
UMI-263_25e1eb8c-e6fb-47d2-b84b-ea06dff47f0b_10_4285_1_1479_TCCTGACCCGTAATGACGAAATACAATACTATAAAC,39
UMI-7_1c71f539-f6fa-41cf-b0a4-b8677617c996_10_4306_1_1473_ATACGTTTTATAGCATCTTGGCACAACAATTTAGGC,21
UMI-20_c905fc25-dc68-4f15-83e1-ed630fa13c62_10_6273_3_1473_GTATACGGTGTACTATTTAATCGATATAGAATATAT,14
UMI-23_91abcc5a-17a5-4e41-9059-1be0b995a85c_10_8707_4_1473_ACTCGGGTTGGCACACTGAATCAACGCAAAGCGGGT,28
UMI-266_e47b480b-c202-4164-8e91-53ed9bdc317b_10_4317_1_1471_GGTTAGTTTACATTGGGTAGCCGTTTCAGTATATTT,1
UMI-42_74f878e0-bda5-5bcd-bd59-d22e203ed00a_10_4541_2_1473_TTATACGACGTTCCGGTACAATAGATTAATTTAATT,10
UMI-45_ce18c4f5-9607-4f29-936e-b3d6ac6532af_10_4304_1_1472_GATCGCCATAGGTCAGGTCCGCAGAGCGAAATAACC,32
UMI-278_94c7d4d5-90fb-4dc2-b49d-71d517917602_10_8774_4_1471_TAATGGCATAGTCTGAGGAACTGACATGCGTTAAGT,37
UMI-280_4ae2e918-d62a-498e-a84a-d404f28c3842_10_5951_3_1473_CCATGGAACGCCGTGTAGAGACAACATGTGATGAAT,4
UMI-288_000faacf-74f0-47aa-8c34-fc18271e450d_10_4461_2_1472_TGCTGATTTGTCTCGGATTGATATAATAACGCGCCA,31
UMI-296_2f7a07cc-d7ce-432a-9441-778bd4836623_10_4519_2_1473_CTACGGTGTAAGTCGGTTGCACAAAGCACCTTAATG,22
UMI-301_d8559b3c-b610-4cdf-9760-987f00d1cacc_10_4334_1_1474_TAGCGACTTAAATCGAGTTTATGACTTATCATAGAA,13
UMI-303_796cbb67-cd3c-4cf2-9674-a98dd3514a9c_10_7233_3_1473_TTGTATTACATGCTACTCTCCCAACGTACAGTACTA,24
UMI-306_69c01dcb-bd3d-4433-a210-cb2c630385d5_10_7668_1_1484_CTGCACGCTGCTCTATTTCTTCACCTCAGGATAATG,5
UMI-307_a2328c18-0c07-4a88-b0cd-031606e59a53_10_5754_2_1472_TTGCGTTTTGCCGCGTGTTCATACAGTGTGACGAAT,25
UMI-374_1bb3ea4c-4871-43ff-9c8d-a86629cb8a44_10_7260_3_1474_CTTTAATTCATCCCGTTACAATATTGTACCGTGCGA,40
UMI-408_5aaf6dba-9f40-441d-aa7c-3689f830cd1e_10_7242_3_1474_GCATGGAATGCTACACTCAGTCGCCCTATGGTGTCA,33
UMI-412_ada6fadf-78c4-4529-a182-68b9e6882899_10_7257_3_1473_GGCTGTTATATCTCGGCGTGTTAGCACAGTTCAGAG,12
UMI-462_8a72a020-dac2-4ca5-91c4-9bcb84e2d7cb_10_7322_3_1477_TAATGTTTTGGGTTGGGGCCTCGCCTCATCCCAGAC,35
UMI-464_d4921656-c709-43e9-af00-c4f33bdf6166_10_5765_2_1471_ATTAGGTGCGAGTTAGCGCGCCGAACCGCAACACCT,17
UMI-472_099aea69-e409-439e-ac36-c1f659932438_10_4203_1_1473_TTTCGCCGTGTCTCGGTACTATAAGGCACCATGTTA,23
UMI-477_27a65ddb-6f78-49ce-98e0-e05918bfefd7_10_6071_1_1473_TGGTGGACCGAGTTACGCTTCCAAAATATTATAATT,26
