seq_ID,genotype_ID
UMI-53_9509c0b0-470e-4859-b008-2571245c50e9_10_5792_2_1476_GGGTGTACTGCCTTAGGGCATTGCAATACTTCAATA,8
UMI-61_633c1ee3-6734-4624-b49c-55cc87810662_10_4288_1_1470_GTGCAGTTTGTGGCAATATTCTGTAATGATGTAATC,20
UMI-63_e241ad55-2d48-4cda-9dc5-7930e6ff6558_10_4303_1_1475_ACTTAGAATAGCACGGCGTCCTAATTTAAACTATGT,12
UMI-74_477077a4-6f67-41e1-86af-1fd184be724f_10_5765_2_1474_TGCTGGTATGATACGATGAGACACCCCATGCTAAAC,48
UMI-77_bdfb3cbc-b79d-4cd7-8949-22ab1c45327d_10_5783_2_1474_CGGCGTATCACATTGGGTATTTGGTATAAATTATAA,32
UMI-80_a451fda9-bbe7-451c-9556-e2ce7e08a7ed_10_10139_5_1473_TGGCAAAGCGTACTAAGCACATGTTTCAAATCAACC,45
UMI-99_993384e9-df32-4a76-9cba-27733c436ea3_10_5703_2_1470_GAATAGAGTGCTTCGTATTAGCACCCCACAATAAGC,42
UMI-104_14cfe82d-7c89-4767-bdde-25eb83c5ed72_10_4300_1_1466_AGTTATCCTGGTGTACAATACCGCTCCGGGCCGTGC,31
UMI-113_dcc95c8d-9133-4f95-b5ae-de841f3181c9_10_5953_3_1473_GGCTATAATGACATAGATGTATAGGCCGCAGTGTAG,18
UMI-123_e95f1114-aeba-4c53-bf0c-45d30dbef7a2_10_4295_1_1473_GCATAATGCATCTTGGGGCCCCATAGCAGAGTGAAT,66
UMI-126_44a9fdf7-e748-4e5f-8709-1a295dc76868_10_4694_2_1473_CTTTGCGCTGGCGTGTTGCACCACAGCAGGATATTA,50
UMI-133_6a6cce17-aff6-4091-ba71-bce5df789524_10_4282_1_1472_AGCTATGGCGAGATACCAGTCTAAAATAGGACAGAG,17
UMI-157_3e005275-3951-444c-8da5-5d9d567da6f7_10_6022_3_1474_AAGTGTTCTGTGCCACCCTCTCGATTTGCAATAAAT,33
UMI-159_dfb7438b-40f9-4e97-95c0-453d8e9472bd_10_5527_2_1471_CCATGGTCTAGGTTGCGGTATTAATATGATCTAATA,30
UMI-160_3f6cee53-1a28-5b0a-8b0f-6002eb6808cd_10_8575_4_1474_CGTTGAACCAAATCGGGATAATATCATGGCCTAACG,55
UMI-162_c667d3c8-f0e7-4a4c-b83f-c1d39cd47954_10_5771_2_1473_ATTTGAGACGTATCGCCGCTGCGCCCTGCACTGTCC,13
UMI-172_cc77c099-af7e-4e61-b0db-4ca179aaec57_10_4260_1_1472_CGGCGGGCTGTAGCATGGGCGTACCACATAGTACGA,59
UMI-188_6938e313-638e-4aeb-aed0-f6d10e2073c7_10_5757_2_1473_GATCGGGACAGTTTGGATAAATATTCCAATATAAAT,10
UMI-199_eda32081-666f-4224-a155-fd6957af4a82_10_5774_2_1472_CTCTAGATCGATTTACGCACATAGTATATAACGGTG,44
UMI-200_e0e55080-459b-4ec0-980b-59df60ca17bd_10_5805_3_1473_TTCTGTCCTATCTTGCCTGATTGTCCTATCATAGTA,62
UMI-201_8070bd10-ad41-4922-9f02-58b40b854b3a_10_5743_2_1473_AGCCAGTATGTTTTGAGGTCACGATCCGAACCAGCG,14
UMI-202_82982799-8db0-4f0f-a627-5d12f1956d6c_10_5711_2_1472_TGGTAAGGTATCATGGGTGCGCATATCGCCTTGAAT,37
UMI-208_de193124-b921-45da-a37a-0aeef566193f_10_4313_1_1473_TGATAAACTAGAGTACATCCATAAGATATAGTGGAT,7
UMI-212_79a56488-f90e-458f-8ac6-a442d4490be5_10_7240_3_1474_TTTCGTATTGGGTCGAATTCATACTTCATTCTATTA,34
UMI-215_65a4edc0-a69e-4435-a015-da27aa1cf844_10_6504_3_1474_GCCTAGAATGTCTCAGGAGCATATCCCACGATAAAC,36
UMI-224_c2ed4a00-1a7c-487e-ac98-8679e167bcd8_10_4399_1_1473_TAGTGCGATGGTATACCTAGATAAAACAGTATGTTT,35
UMI-230_5a4e57ec-039e-47f6-b397-4dad78cf0ca8_10_5767_2_1471_CGTTGATTTGTAGTACTCGACCAAACCATCCTGGAG,58
UMI-242_dfc2d190-d3f8-4b65-9b13-dfa418f9b545_10_7282_3_1475_GTGCGACATGGATTGGGCTTTCAATTTATTATACGT,46
UMI-249_85d6a977-d78b-467b-b77b-96e7b2fde6a6_10_7225_3_1472_GGGCGTTTTGGTTTATCGAATTATACCACAATATAT,57
UMI-254_90a36761-3cbe-4ae6-9427-86df84af58b6_10_5713_2_1456_TGTTAAAGTAATCTAACGTAACATATCAACTTATAT,19
UMI-2_6d0bbde0-dda6-4b1b-b2b3-744fda41c8d6_10_4295_1_1472_AAATAGTCCGTTGTATTGTATTGTAATGAGTTGTCC,49
UMI-3_b10ba9b0-02ff-44a2-b196-244cbeed54b6_10_4279_1_1472_TGGTATAACATTTTGATTTCATACTCCAACACGTAC,63
UMI-4_2ad4344d-a394-5e7c-8bcb-a4ed26cd753f_10_5809_2_1474_TTGCATCGCGTGTTATAGTTCCGCATCACGACGCAA,9
UMI-5_47058dfe-0997-5d8e-9ac7-2e343b60ad2b_10_4295_1_1474_ATTCGAGCCGGTGCATCTGAGTAAATTAAAACACCA,25
UMI-31_bb2bf6be-844d-41bc-8c87-03908b999834_10_7265_3_1472_CCGTGCTGTGCTTCATATCTCTACTGTAGTTTAATC,65
UMI-35_2ca1c9be-ccf7-4644-bffd-06833078a062_10_4264_1_1471_TCTTGGGTCACATCGATTTCCCACACTACTGTAACA,54
UMI-39_22d711af-f589-444f-ac7c-a80980361a83_10_4295_1_1470_CAGTAGTCTGGACCGTCGTGACAGAACGCACCAAAC,61
UMI-282_6c2ac9ff-63f8-4fed-8dc3-ac52699d16b9_10_7262_3_1473_CTTTGTTCTGATATGCCGTTTCGATGCAGTGTACGC,41
UMI-295_5b7a82b4-c7ac-4fb8-9c49-a27c76d89c8e_10_4289_1_1474_CATTGTGTTATACCATTATAATAATATAATACAAAC,21
UMI-325_c5e2ac52-aa57-46ab-8a9d-2873fa3ef6da_10_6612_3_1473_ATATATGATACGTCACTGTGGTGTGGCGGGCTAACC,64
UMI-329_02b9bd81-7c8a-4e3a-83b8-dbe5b16b355e_10_4291_1_1471_TTCCGTTCTGTTTTGTGGGCTTGTCTCATAATGCGA,51
UMI-344_11e3c9e9-4aec-47a1-a4c9-9fc508cdd166_10_7234_3_1474_ATTTGAGGTATCATAGGGAAATAAACCGGATTAGTT,26
UMI-352_6b04e120-f5eb-4977-8f21-89771122303a_10_7097_3_1473_GGTTGTATTAATTCGGTGGTACACAATAAAATGGTT,28
UMI-353_6656b66e-6dbe-4d8b-8973-d7108679ac22_10_14981_4_1472_ATTTACGGCAAGGCAGCCCGGTATGTTGGTATAAAA,11
UMI-356_54bff692-b556-45a3-ae74-4c4845cc4ec9_10_4303_1_1475_AGATAGTTTGCCTTGTATAAGCGCGATAGTACGTTG,40
UMI-358_666ee810-f70b-46b3-96b3-262315466959_10_4305_1_1473_CAATGGCACGGGTCGTTTAAATAGTACACTATGTTA,52
UMI-363_c81bb014-5855-42c4-bd1e-0753dc1c96e0_10_4594_2_1473_TTTTGTGCTAGTCTGTGGAGCTGCACCGAATCGAAA,4
UMI-364_c8d89176-1271-41ca-bb7f-f3ae45b0dc9f_10_5748_2_1473_GCATGACCTGCGTCAAGGCAATGCCCCGCCACGACG,6
UMI-365_bd1a7d66-dc83-4277-baa3-4cc0293ffc4e_10_4274_1_1471_GCTCGGTACACGGTGTCTGCTCGACATGTTTCAACA,3
UMI-366_590fe16d-3122-4d55-b90e-dd62301d1dcb_10_4461_2_1473_CGATGTGGCAGTGTATACTATTATTACACATTACAG,23
UMI-375_e42c8394-fc48-43dd-9ed2-721a22e5eb39_10_5764_2_1473_TTGTAGTATAGGTTGTATGAGTAAGACAAGATACAG,24
UMI-378_61e7937f-434f-4d6e-a269-d982a8dca77c_10_5794_2_1476_ATGCAAATTATATTAAGGTTGTAAATTATCATAAGA,15
UMI-382_4d7ff39d-1c0b-4a46-bf38-590d464c18c9_10_8675_4_1473_ATATAGAGCAATACGGATTACCAGATTGCAATATCT,60
UMI-384_9d6fd9a3-34ea-4fa9-98e4-0016995af7b0_10_4282_1_1472_ACCCATAGTATGTCGGTGTGCTAGGTTGTACCATGA,16
UMI-410_5fa6b8cd-b2ac-5e88-87af-472ef3cc9fb9_10_5288_2_1489_GTCCGATTTAGCTCGCTTAGTTAATATATCATGCAT,56
UMI-416_45932cf7-a39d-400e-8713-3dd835a954cb_10_7262_3_1473_AAGCGTACCGCTATGTCTCTTCATTATAGTGTATGT,39
UMI-418_18981f87-1867-4948-b309-6db58660b555_10_4296_1_1475_AGCTGTGGCGCTCCGGGGAACCGATACATAATAAAA,2
UMI-428_e5cfb4ff-5294-45a1-8f35-81736009d489_10_7272_3_1473_TTGTGTACCGGTATGTGGTTGCAAGTTATAATACAT,29
UMI-433_6f27c857-cb06-47ac-a408-ab1fa155654a_10_5768_2_1472_CAGCGCTACACGGTGTGAAATTATTTTAAATTGAAG,5
UMI-435_0eb7ff29-3644-4d5c-b562-db15536abbd0_10_6828_2_1477_TGGTATGACACTACAGCGATAAGAATAGAATATCTC,27
UMI-438_0b6e414c-3cf4-4971-b56b-535fbac964c8_10_4637_2_1474_ACGTAACATGAACTACCACAATAAAATAGCTTGAGA,22
UMI-444_933fa553-139b-4e93-8eb2-98917ecb0465_10_5775_2_1474_TCATATTTTGTGTTACGGATTCAGCCTAGATTAAGA,1
UMI-446_77fbf2ad-7569-4ed8-9dd8-55467e1d57e9_10_7429_4_1473_TTCTGCTATGATACGCTACCGTGCCTCGTCATAACT,43
UMI-8_fef93f52-eba5-47dc-9cee-d4d1ac749354_10_4316_1_1472_GTTCGGCATGAATCGTCTAACTAATGTATAACGAAC,53
UMI-460_ba3dab0d-5b0e-47c5-9db5-715a052a8c25_10_4304_1_1474_GAATAGGGCATTATACTGGCTTAAAGCGACATACTG,47
UMI-466_9dbcdb12-6e8a-4894-83a9-a12de1a1764d_10_4299_1_1473_TTACAGTTTGTAGTGGGATTATAAACTGGAATATAA,38
