seq_ID,genotype_ID
UMI-91_1a225761-5aa5-4024-82c1-c0a872b5a711_10_7252_3_1473_GCGTATTGTGGGCCATGGAAGTAATCTGGACTGCCA,1
UMI-136_3709dc42-e5cc-4de3-a5c5-b76d36efb1a1_10_7244_3_1473_GAGTGAGTTAAAGTGTGTACATAGGATATGCTAATA,5
UMI-179_0582c69a-8daf-4041-b29b-c518ef4ddcbb_10_9643_1_1796_TTGTAACCTGTCGCGGTTGAGCAGTATGACACGTAT,6
UMI-197_422b92c0-f2bf-45e9-a4c0-9fa71849771d_10_5741_2_1473_TGGTATAATGACATGTCAAAGTAATTTACCATAAAT,9
UMI-238_74156b0e-a948-4d2d-966d-3664c03356b0_10_5787_2_1473_TAATGTTGTACCGCGGGTGCCCGTTATAAGGTAGGT,2
UMI-239_9355086c-c38a-4dbe-acc3-c1787761c894_10_5742_2_1473_TGGTAGTGCGAGTCGCGGGAATAGTCCAAACCGAAT,7
UMI-389_2ce142a8-fc83-4b91-b4b5-999be2d52b72_10_5138_2_1473_GTATAGGTCACTCTAGCCGAACAAACCACTACGAAG,4
UMI-400_15d7602f-bee0-4872-8b05-b35df1ef97a6_10_5747_2_1471_CCATGTAACAAGACAAGGTCATACACCACCCTACTA,3
UMI-470_2ca282c3-4e9b-423a-9b39-05013ba1f58c_10_4291_1_1474_GTATGTGATACAGTGTGCCCACAAGCTAGATCGCAG,8
