genotype_ID,count,NT_substitutions,NT_substitutions_count,NT_insertions,NT_deletions,AA_substitutions_nonsynonymous,AA_substitutions_synonymous,AA_substitutions_nonsynonymous_count,barcode(s),NT_muts_of_interest,T1221A,AA_muts_of_interest,T117A
1,1,,0,,,,,0,bc101,,0,,0
2,1,,0,,,,,0,bc117,,0,,0
3,1,,0,,,,,0,bc77,,0,,0
4,1,,0,,,,,0,bc78,,0,,0
5,1,,0,,,,,0,bc91,,0,,0
6,1,C314T,1,,583del2,T79I,,1,bc105,,0,,0
7,1,C570T,1,,,,D164,0,bc116,,0,,0
8,1,T950C,1,,,V291A,,1,bc64,,0,,0
9,1,"C336T, G344A, C462T, T585G, A616T, G971T",6,,,"G89D, T180S, G298V","N86, I128, A169",3,bc125,,0,,0
